{"cameraMode":{"drawMode":0,"name":"Shaded","section":"Shading Mode"},"sceneLighting":true,"audioPlay":false,"sceneViewState":{"m_AlwaysRefresh":false,"showFog":true,"showSkybox":true,"showFlares":true,"showImageEffects":true,"showParticleSystems":true,"showVisualEffectGraphs":true,"m_FxEnabled":true},"in2DMode":false,"pivot":{"x":36.043182373046878,"y":-86.76347351074219,"z":243.60055541992188},"rotation":{"x":0.15829569101333619,"y":0.06511704623699188,"z":-0.010435699485242367,"w":0.9852142333984375},"size":139.7991485595703,"orthographic":false}