{"cameraMode":{"drawMode":0,"name":"Shaded","section":"Shading Mode"},"sceneLighting":false,"audioPlay":false,"sceneViewState":{"m_AlwaysRefresh":false,"showFog":true,"showSkybox":false,"showFlares":true,"showImageEffects":true,"showParticleSystems":true,"showVisualEffectGraphs":true,"m_FxEnabled":true},"in2DMode":false,"pivot":{"x":0.1679553985595703,"y":2.594182014465332,"z":-3.1529083251953127},"rotation":{"x":0.20290757715702058,"y":-0.38164013624191286,"z":0.0862685889005661,"w":0.8976399302482605},"size":0.9041135311126709,"orthographic":false}