{"cameraMode":{"drawMode":0,"name":"Shaded","section":"Shading Mode"},"sceneLighting":false,"audioPlay":false,"sceneViewState":{"m_AlwaysRefresh":false,"showFog":true,"showSkybox":false,"showFlares":true,"showImageEffects":true,"showParticleSystems":true,"showVisualEffectGraphs":true,"m_FxEnabled":true},"in2DMode":false,"pivot":{"x":-0.1922733187675476,"y":0.08571624755859375,"z":0.12403681874275208},"rotation":{"x":-0.2017814815044403,"y":-0.5444722175598145,"z":0.13688382506370545,"w":-0.8025733828544617},"size":0.16658169031143189,"orthographic":false}